{
  "project_info": {
    "project_number": "xxxxxxxxxxxx",
    "firebase_url": "https://xxxxxxxx-xxxx-xxxxx.firebaseio.com",
    "project_id": "xxxxxxxx-xxxx-xxxxx",
    "storage_bucket": "xxxxxxxx-xxxx-xxxxx.appspot.com"
  },
  "client": [
    {
      "client_info": {
        "mobilesdk_app_id": "1:111111111111:android:1111111111111111",
        "android_client_info": {
          "package_name": "com.fluttersamples.bloc"
        }
      },
      "oauth_client": [
        {
          "client_id": "xxxxxxxxxxxx-xxxxxxxxxxxxxxxxxxxxxxxxxxxxxxxx.apps.googleusercontent.com",
          "client_type": 1,
          "android_info": {
            "package_name": "com.fluttersamples.bloc",
            "certificate_hash": "xxxxxxxxxxxxxxxxxxxxxxxxxxxxxxxxxxxxxxxx"
          }
        },
        {
          "client_id": "xxxxxxxxxxxx-xxxxxxxxxxxxxxxxxxxxxxxxxxxxxxx.apps.googleusercontent.com",
          "client_type": 3
        }
      ],
      "api_key": [
        {
          "current_key": "xxxxxxxxxxxxxxxxxxxxxxxxxxxxxxxxxxxxxxx"
        }
      ],
      "services": {
        "analytics_service": {
          "status": 1
        },
        "appinvite_service": {
          "status": 2,
          "other_platform_oauth_client": [
            {
              "client_id": "xxxxxxxxxxxx-xxxxxxxxxxxxxxxxxxxxxxxxxxxxxxx.apps.googleusercontent.com",
              "client_type": 3
            }
          ]
        },
        "ads_service": {
          "status": 2
        }
      }
    }
  ],
  "configuration_version": "1"
}
